<?xml version="1.0" encoding="utf-8"?>
<ApplicationInstallerManifest>
   <DefaultInstallationDirectory>/Applications/University_of_Alberta/Plotable/</DefaultInstallationDirectory>
   <ApplicationName>Plotable</ApplicationName>
   <ExecutableName>application/Plotable.exe</ExecutableName>
   <GUID>3760d7f6-a9db-4803-b46c-c2c8faae1c67</GUID>
   <ApplicationIcon>default_icon_48.png</ApplicationIcon>
   <Logo>default_logo.png</Logo>
   <Version>2.0</Version>
   <InstallationNotes>In the following directions, replace MR/v99 by the directory on the target machine where MATLAB is installed, or MR by the directory where the MATLAB Runtime is installed.

If the environment variable DYLD_LIBRARY_PATH is undefined, set it to the following string:

MR/v99/runtime/maci64:MR/v99/sys/os/maci64:MR/v99/bin/maci64

If it is defined, set it to the following:

${DYLD_LIBRARY_PATH}:MR/v99/runtime/maci64:MR/v99/sys/os/maci64:MR/v99/bin/maci64
</InstallationNotes>
   <AuthorOrganization>University of Alberta</AuthorOrganization>
   <Summary>Co-Written with Dr. K Ming Chan M.D.

University of Alberta

2021 Chan Lab™</Summary>
   <WelcomePanelText>Plotable 2.0
Co-Written with Dr. K Ming Chan M.D.

University of Alberta

2021 Chan Lab™

A program that will help users (clinicians, researchers, and electromyographers), perform geometric nerve conduction waveforms subtractions with ease.

The purpose was to interrogate the degree of nerve cross-over. Ranging from natural (Martin-Gruber Anastomosis) or artifical (Nerve Transfers) nerve cross-over applications.

Simon W.
sizhesim@ualberta.ca</WelcomePanelText>
   <MCRProducts>
      <MCRProduct>
         <ExternalProductIdentifier>35000</ExternalProductIdentifier>
      </MCRProduct>
      <MCRProduct>
         <ExternalProductIdentifier>35010</ExternalProductIdentifier>
      </MCRProduct>
   </MCRProducts>
</ApplicationInstallerManifest>